"GEOID","MAMMOUSE_CrudePrev","MAMMOUSE_Crude95CI"
"06085500100","76.4","(70.1, 82.0)"
"06085500200","78.6","(72.5, 84.0)"
"06085500300","78.3","(72.1, 83.6)"
"06085500400","80.1","(74.2, 85.2)"
"06085500500","79.5","(73.6, 84.6)"
"06085500600","78.5","(72.4, 83.8)"
"06085500800","79.9","(74.2, 85.0)"
"06085500901","74.7","(68.0, 80.8)"
"06085500902","65.7","(57.8, 73.1)"
"06085501000","73.6","(66.8, 79.6)"
"06085501101","76.7","(70.1, 82.4)"
"06085501102","77.7","(71.4, 83.1)"
"06085501200","75.1","(68.1, 81.0)"
"06085501300","75.4","(68.8, 81.4)"
"06085501401","73.9","(67.0, 79.9)"
"06085501402","75.2","(68.5, 81.2)"
"06085501501","71.5","(64.4, 78.0)"
"06085501502","74.5","(67.7, 80.6)"
"06085501601","76.4","(69.8, 82.0)"
"06085501602","67.5","(59.5, 74.4)"
"06085501700","75.0","(68.3, 81.1)"
"06085501800","78.5","(72.4, 83.8)"
"06085501901","81.2","(75.7, 86.1)"
"06085501902","77.9","(71.7, 83.3)"
"06085502001","77.6","(71.4, 83.0)"
"06085502002","77.8","(71.4, 83.2)"
"06085502101","79.4","(73.6, 84.5)"
"06085502103","78.3","(72.0, 83.6)"
"06085502104","80.8","(75.1, 85.8)"
"06085502202","77.3","(70.7, 82.9)"
"06085502203","79.4","(73.5, 84.5)"
"06085502204","72.1","(65.0, 78.5)"
"06085502301","82.0","(76.8, 86.6)"
"06085502302","78.4","(72.3, 83.8)"
"06085502400","77.6","(71.2, 83.1)"
"06085502500","79.1","(73.2, 84.3)"
"06085502601","80.6","(74.9, 85.6)"
"06085502603","80.2","(74.4, 85.2)"
"06085502604","80.8","(75.2, 85.6)"
"06085502701","78.4","(72.2, 83.7)"
"06085502703","79.3","(73.2, 84.4)"
"06085502704","80.1","(74.4, 85.2)"
"06085502800","78.4","(72.4, 83.8)"
"06085502901","80.1","(74.3, 85.2)"
"06085502902","78.7","(72.6, 84.0)"
"06085502903","81.6","(76.1, 86.4)"
"06085502906","79.8","(73.9, 84.9)"
"06085502907","79.3","(73.3, 84.5)"
"06085502908","76.9","(70.6, 82.5)"
"06085502909","79.9","(74.0, 84.9)"
"06085502910","79.0","(73.0, 84.2)"
"06085503001","80.1","(74.2, 85.1)"
"06085503002","79.1","(73.2, 84.3)"
"06085503003","79.9","(74.0, 85.0)"
"06085503105","71.0","(63.7, 77.5)"
"06085503110","69.7","(61.8, 76.6)"
"06085503111","75.9","(69.3, 81.7)"
"06085503112","74.7","(68.1, 80.7)"
"06085503113","73.4","(66.3, 79.8)"
"06085503116","74.2","(67.2, 80.1)"
"06085503117","74.2","(67.0, 80.4)"
"06085503118","71.0","(63.7, 77.6)"
"06085503121","72.5","(65.5, 78.8)"
"06085503122","72.1","(64.8, 78.5)"
"06085503123","74.8","(68.1, 80.7)"
"06085503124","75.2","(68.7, 81.3)"
"06085503125","82.0","(76.6, 86.7)"
"06085503126","74.5","(67.8, 80.4)"
"06085503127","81.4","(75.9, 86.1)"
"06085503207","77.8","(71.6, 83.4)"
"06085503208","75.5","(68.7, 81.5)"
"06085503210","73.6","(66.7, 79.7)"
"06085503211","76.7","(70.0, 82.3)"
"06085503212","78.9","(72.7, 84.3)"
"06085503213","71.4","(64.1, 77.9)"
"06085503217","73.2","(66.4, 79.6)"
"06085503218","73.0","(65.9, 79.3)"
"06085503219","71.3","(63.9, 78.0)"
"06085503220","76.1","(69.4, 82.0)"
"06085503221","71.5","(64.1, 78.0)"
"06085503222","73.6","(66.4, 80.0)"
"06085503304","73.4","(66.3, 79.6)"
"06085503305","70.8","(63.4, 77.5)"
"06085503306","72.1","(65.1, 78.6)"
"06085503312","79.6","(73.6, 84.6)"
"06085503313","74.6","(67.8, 80.5)"
"06085503315","78.0","(71.7, 83.5)"
"06085503321","79.1","(73.1, 84.5)"
"06085503322","74.1","(67.0, 80.3)"
"06085503323","75.6","(68.8, 81.5)"
"06085503324","77.1","(71.0, 82.7)"
"06085503325","77.2","(70.6, 82.7)"
"06085503326","76.5","(70.1, 82.4)"
"06085503327","80.0","(74.0, 85.0)"
"06085503329","82.0","(76.3, 86.7)"
"06085503330","80.0","(73.6, 85.3)"
"06085503331","79.5","(73.6, 84.7)"
"06085503332","81.0","(75.3, 85.8)"
"06085503333","78.9","(72.7, 84.2)"
"06085503336","76.2","(69.9, 82.0)"
"06085503337","74.1","(67.0, 80.5)"
"06085503338","79.6","(73.7, 84.8)"
"06085503339","79.6","(73.7, 84.8)"
"06085503401","73.0","(66.1, 79.3)"
"06085503402","70.7","(63.3, 77.5)"
"06085503504","76.9","(70.4, 82.5)"
"06085503506","74.0","(67.2, 80.1)"
"06085503507","75.8","(68.9, 81.7)"
"06085503508","76.9","(70.5, 82.5)"
"06085503509","74.4","(67.6, 80.4)"
"06085503510","77.3","(71.2, 83.1)"
"06085503511","75.4","(68.8, 81.2)"
"06085503601","72.8","(65.6, 79.2)"
"06085503602","72.1","(64.8, 78.6)"
"06085503703","75.5","(69.0, 81.5)"
"06085503707","74.2","(67.2, 80.3)"
"06085503708","71.3","(64.0, 77.8)"
"06085503709","73.3","(66.3, 79.6)"
"06085503710","73.8","(66.7, 80.0)"
"06085503711","71.0","(63.5, 77.8)"
"06085503712","73.7","(66.4, 80.1)"
"06085503713","72.0","(64.8, 78.3)"
"06085503802","74.4","(67.5, 80.5)"
"06085503803","73.4","(66.3, 79.5)"
"06085503804","74.3","(67.5, 80.5)"
"06085503902","73.1","(66.1, 79.4)"
"06085503903","76.8","(70.4, 82.4)"
"06085504001","76.2","(69.7, 82.1)"
"06085504002","74.5","(67.7, 80.6)"
"06085504101","75.0","(68.2, 80.9)"
"06085504102","73.9","(66.9, 80.0)"
"06085504201","80.0","(74.1, 85.1)"
"06085504202","78.6","(72.5, 83.9)"
"06085504307","76.9","(70.2, 82.6)"
"06085504308","78.9","(72.9, 84.2)"
"06085504311","79.7","(73.4, 84.9)"
"06085504314","75.0","(68.5, 81.0)"
"06085504315","78.2","(72.0, 83.8)"
"06085504316","78.0","(71.3, 83.5)"
"06085504317","77.7","(71.2, 83.2)"
"06085504318","72.6","(65.5, 78.8)"
"06085504319","78.2","(72.0, 83.5)"
"06085504320","78.4","(72.2, 83.8)"
"06085504321","76.7","(70.1, 82.6)"
"06085504322","76.0","(69.5, 81.8)"
"06085504323","76.9","(70.5, 82.6)"
"06085504410","73.0","(65.8, 79.3)"
"06085504411","78.5","(72.2, 83.9)"
"06085504412","79.5","(73.4, 84.6)"
"06085504413","77.1","(70.6, 83.0)"
"06085504414","76.8","(70.2, 82.6)"
"06085504415","81.0","(75.4, 85.9)"
"06085504416","76.2","(69.7, 81.8)"
"06085504418","72.7","(65.4, 79.0)"
"06085504421","79.0","(72.8, 84.3)"
"06085504422","77.6","(71.3, 83.1)"
"06085504423","77.6","(71.3, 83.3)"
"06085504424","77.4","(71.0, 82.9)"
"06085504505","78.3","(72.0, 83.7)"
"06085504506","79.1","(72.8, 84.4)"
"06085504507","76.7","(70.1, 82.5)"
"06085504508","75.6","(69.0, 81.5)"
"06085504509","81.7","(76.1, 86.5)"
"06085504510","77.6","(71.2, 83.2)"
"06085504601","78.6","(72.6, 83.8)"
"06085504602","77.1","(70.6, 82.8)"
"06085504700","80.8","(75.2, 85.6)"
"06085504802","75.0","(68.5, 81.0)"
"06085504805","77.9","(71.7, 83.5)"
"06085504806","77.2","(70.8, 82.9)"
"06085504807","80.9","(75.2, 85.8)"
"06085504808","80.5","(74.7, 85.4)"
"06085504902","81.3","(75.8, 86.1)"
"06085504903","80.9","(75.2, 85.8)"
"06085505006","80.4","(74.5, 85.5)"
"06085505007","74.7","(67.9, 80.5)"
"06085505010","79.0","(72.8, 84.2)"
"06085505011","81.1","(75.5, 86.0)"
"06085505012","81.6","(75.9, 86.4)"
"06085505013","80.4","(74.4, 85.4)"
"06085505014","78.7","(72.5, 84.0)"
"06085505015","80.9","(75.4, 85.7)"
"06085505100","76.8","(70.4, 82.4)"
"06085505202","75.7","(69.2, 81.6)"
"06085505203","74.7","(67.8, 80.6)"
"06085505301","79.0","(73.1, 84.2)"
"06085505302","78.9","(72.7, 84.1)"
"06085505303","78.6","(72.5, 83.9)"
"06085505304","79.9","(74.0, 85.0)"
"06085505305","82.4","(77.1, 87.0)"
"06085505401","80.3","(74.4, 85.3)"
"06085505402","77.3","(71.0, 82.7)"
"06085505403","77.8","(71.6, 83.4)"
"06085505500","78.3","(72.2, 83.8)"
"06085505600","77.1","(70.8, 82.7)"
"06085505700","74.1","(67.3, 80.3)"
"06085505800","80.3","(74.6, 85.4)"
"06085505901","79.1","(73.0, 84.3)"
"06085505902","78.8","(72.8, 84.1)"
"06085506000","77.0","(70.6, 82.5)"
"06085506101","79.3","(73.3, 84.4)"
"06085506102","81.6","(76.1, 86.4)"
"06085506103","79.7","(73.8, 84.8)"
"06085506202","79.4","(73.2, 84.7)"
"06085506203","77.1","(70.6, 82.7)"
"06085506204","78.4","(72.0, 83.6)"
"06085506301","80.4","(74.6, 85.5)"
"06085506302","80.6","(74.9, 85.6)"
"06085506304","78.0","(71.7, 83.4)"
"06085506305","75.4","(68.9, 81.3)"
"06085506401","76.6","(70.3, 82.3)"
"06085506402","79.5","(73.6, 84.6)"
"06085506502","81.5","(75.9, 86.2)"
"06085506503","78.2","(72.1, 83.6)"
"06085506504","73.5","(66.5, 79.5)"
"06085506505","75.9","(69.3, 81.8)"
"06085506601","78.8","(72.7, 84.1)"
"06085506603","81.4","(75.7, 86.1)"
"06085506604","81.0","(75.4, 85.9)"
"06085506605","77.9","(71.8, 83.4)"
"06085506606","78.9","(72.8, 84.0)"
"06085506701","79.4","(73.4, 84.6)"
"06085506702","80.1","(74.4, 85.2)"
"06085506703","80.4","(74.7, 85.4)"
"06085506801","80.3","(74.6, 85.3)"
"06085506802","79.9","(74.1, 84.9)"
"06085506803","79.2","(73.2, 84.4)"
"06085506804","80.0","(74.1, 85.0)"
"06085506900","79.2","(73.2, 84.5)"
"06085507002","80.9","(75.4, 85.9)"
"06085507003","79.4","(73.5, 84.5)"
"06085507004","80.3","(74.6, 85.2)"
"06085507100","81.9","(76.5, 86.7)"
"06085507203","78.0","(71.9, 83.5)"
"06085507205","80.9","(75.2, 85.8)"
"06085507206","82.1","(76.8, 86.8)"
"06085507301","80.8","(75.1, 85.8)"
"06085507302","80.8","(75.1, 85.6)"
"06085507401","80.2","(74.1, 85.2)"
"06085507402","76.2","(69.7, 81.9)"
"06085507500","81.2","(75.4, 86.2)"
"06085507600","81.8","(76.3, 86.5)"
"06085507701","81.2","(75.4, 86.1)"
"06085507702","81.9","(76.2, 86.6)"
"06085507704","80.0","(74.1, 85.1)"
"06085507705","79.1","(72.8, 84.4)"
"06085507805","79.0","(72.9, 84.3)"
"06085507806","77.4","(71.1, 82.9)"
"06085507807","81.7","(76.1, 86.5)"
"06085507808","80.8","(75.1, 85.8)"
"06085507903","80.7","(75.0, 85.7)"
"06085507904","81.9","(76.4, 86.6)"
"06085507905","80.3","(74.3, 85.2)"
"06085507906","80.4","(74.6, 85.5)"
"06085508003","79.6","(73.6, 84.8)"
"06085508004","81.5","(76.0, 86.2)"
"06085508005","79.1","(73.0, 84.3)"
"06085508006","81.4","(75.9, 86.3)"
"06085508101","80.1","(74.1, 85.2)"
"06085508102","80.9","(75.1, 85.8)"
"06085508203","80.6","(74.6, 85.6)"
"06085508204","79.4","(73.4, 84.7)"
"06085508205","81.0","(75.4, 85.8)"
"06085508206","82.0","(76.6, 86.7)"
"06085508301","79.3","(73.5, 84.5)"
"06085508303","81.8","(76.4, 86.5)"
"06085508305","78.0","(71.4, 83.4)"
"06085508306","78.2","(71.8, 83.6)"
"06085508401","80.1","(74.4, 85.2)"
"06085508403","79.0","(73.2, 84.2)"
"06085508404","80.6","(74.9, 85.6)"
"06085508503","80.1","(74.4, 85.3)"
"06085508505","79.4","(73.5, 84.5)"
"06085508507","80.2","(74.4, 85.2)"
"06085508508","79.6","(73.6, 84.7)"
"06085508509","80.9","(75.3, 85.8)"
"06085508510","78.1","(71.9, 83.4)"
"06085508601","80.7","(74.9, 85.5)"
"06085508602","80.2","(74.4, 85.2)"
"06085508705","81.2","(75.5, 86.0)"
"06085508706","81.8","(76.2, 86.5)"
"06085508707","79.3","(73.4, 84.4)"
"06085508708","80.4","(74.6, 85.5)"
"06085508800","76.7","(70.2, 82.4)"
"06085508900","77.0","(70.7, 82.6)"
"06085509001","76.2","(69.7, 82.0)"
"06085509002","75.6","(69.1, 81.4)"
"06085509102","80.0","(74.1, 85.1)"
"06085509106","77.1","(70.7, 82.7)"
"06085509107","75.7","(69.2, 81.4)"
"06085509108","79.6","(73.7, 84.6)"
"06085509109","79.8","(73.9, 84.9)"
"06085509110","81.1","(75.5, 86.0)"
"06085509111","79.1","(73.1, 84.3)"
"06085509201","81.2","(75.4, 86.0)"
"06085509202","81.6","(76.1, 86.4)"
"06085509302","81.4","(75.8, 86.2)"
"06085509303","81.8","(76.3, 86.5)"
"06085509304","76.2","(69.7, 82.0)"
"06085509401","79.0","(73.0, 84.1)"
"06085509403","78.2","(71.9, 83.6)"
"06085509404","80.4","(74.7, 85.4)"
"06085509500","78.5","(72.4, 83.8)"
"06085509600","81.0","(75.3, 85.8)"
"06085509700","81.2","(75.6, 86.0)"
"06085509801","79.4","(73.5, 84.5)"
"06085509802","80.5","(74.7, 85.6)"
"06085509901","81.5","(75.8, 86.3)"
"06085509902","80.9","(75.3, 85.8)"
"06085510001","81.2","(75.6, 86.0)"
"06085510002","82.6","(77.3, 87.2)"
"06085510100","80.6","(74.7, 85.5)"
"06085510200","82.1","(76.6, 86.7)"
"06085510300","82.6","(77.2, 87.1)"
"06085510400","82.2","(76.7, 86.8)"
"06085510500","82.4","(77.0, 86.9)"
"06085510600","77.7","(71.7, 83.1)"
"06085510700","80.8","(75.2, 85.7)"
"06085510801","81.2","(75.7, 85.9)"
"06085510802","81.2","(75.6, 85.9)"
"06085510803","77.8","(71.5, 83.3)"
"06085510900","81.5","(75.9, 86.4)"
"06085511000","81.4","(76.0, 86.2)"
"06085511100","78.3","(72.2, 83.8)"
"06085511200","81.6","(76.1, 86.4)"
"06085511301","81.6","(76.2, 86.4)"
"06085511302","78.6","(72.6, 83.8)"
"06085511400","82.6","(77.2, 87.1)"
"06085511501","81.0","(75.3, 85.9)"
"06085511502","80.0","(74.1, 85.1)"
"06085511608","70.2","(62.1, 77.2)"
"06085511609","80.6","(74.9, 85.6)"
"06085511701","81.3","(75.8, 86.1)"
"06085511702","82.2","(76.7, 86.8)"
"06085511704","82.8","(77.6, 87.3)"
"06085511705","80.8","(75.1, 85.7)"
"06085511707","79.7","(73.8, 84.9)"
"06085511800","81.2","(75.6, 86.1)"
"06085511905","81.7","(76.1, 86.4)"
"06085511907","79.3","(73.2, 84.5)"
"06085511910","79.8","(73.8, 84.8)"
"06085511911","80.2","(74.3, 85.2)"
"06085511912","81.7","(76.0, 86.5)"
"06085511913","82.3","(76.9, 86.8)"
"06085511914","80.0","(74.0, 85.1)"
"06085511915","77.1","(70.9, 82.6)"
"06085511916","79.3","(73.2, 84.5)"
"06085511917","81.2","(75.4, 86.1)"
"06085511918","77.2","(70.9, 82.7)"
"06085512001","79.1","(73.1, 84.3)"
"06085512005","79.3","(73.4, 84.6)"
"06085512019","76.9","(70.5, 82.4)"
"06085512021","78.8","(72.8, 84.0)"
"06085512022","72.6","(65.5, 78.9)"
"06085512023","77.7","(71.1, 83.2)"
"06085512024","78.3","(72.0, 83.7)"
"06085512025","77.6","(71.4, 83.0)"
"06085512026","79.9","(74.1, 84.9)"
"06085512027","79.9","(74.0, 85.0)"
"06085512029","79.7","(73.8, 84.8)"
"06085512030","81.1","(75.3, 86.0)"
"06085512031","81.0","(75.3, 85.8)"
"06085512032","79.3","(73.3, 84.5)"
"06085512034","79.9","(74.1, 85.0)"
"06085512035","79.3","(73.3, 84.5)"
"06085512036","79.4","(73.5, 84.6)"
"06085512037","78.2","(72.1, 83.6)"
"06085512038","72.1","(65.0, 78.7)"
"06085512039","76.1","(69.5, 81.9)"
"06085512042","78.0","(71.7, 83.4)"
"06085512043","67.6","(59.7, 74.7)"
"06085512045","78.9","(73.0, 84.1)"
"06085512047","76.7","(70.2, 82.2)"
"06085512052","78.5","(72.3, 83.8)"
"06085512053","76.9","(70.5, 82.5)"
"06085512054","79.9","(74.0, 85.0)"
"06085512055","76.1","(69.7, 82.0)"
"06085512056","75.5","(68.7, 81.3)"
"06085512057","75.8","(69.2, 81.4)"
"06085512058","77.7","(71.4, 83.3)"
"06085512059","80.8","(75.1, 85.6)"
"06085512100","73.1","(66.0, 79.3)"
"06085512200","80.0","(74.2, 85.0)"
"06085512305","78.8","(72.7, 84.0)"
"06085512307","79.1","(73.0, 84.3)"
"06085512308","79.8","(74.1, 84.9)"
"06085512309","80.3","(74.5, 85.2)"
"06085512310","78.3","(72.2, 83.8)"
"06085512311","78.9","(72.9, 84.0)"
"06085512312","78.4","(72.3, 83.9)"
"06085512313","78.6","(72.6, 83.9)"
"06085512314","77.6","(71.3, 83.1)"
"06085512401","76.4","(69.9, 82.0)"
"06085512402","77.5","(71.3, 83.1)"
"06085512505","75.9","(69.3, 81.7)"
"06085512509","79.4","(73.5, 84.6)"
"06085512510","77.2","(71.0, 82.8)"
"06085512511","78.1","(71.9, 83.4)"
"06085512512","75.0","(68.4, 81.0)"
"06085512513","80.3","(74.5, 85.4)"
"06085512514","77.1","(70.6, 82.7)"
"06085512515","76.5","(69.9, 82.2)"
"06085512516","77.9","(71.6, 83.5)"
"06085512602","75.0","(68.4, 80.9)"
"06085512603","69.4","(61.6, 76.3)"
"06085512604","75.4","(68.8, 81.4)"
"06085513000","75.1","(68.4, 80.9)"
"06085513500","76.5","(70.0, 82.2)"
